MAE,MSE
0.7799225905920246,1.0031573547996524
